dataset,example_id,semantic_label,representation_label,repeat,execution_order,semantic_plan_sha256,reference_plan_sha256,a2_latency_s,a3_latency_s,runtime_gain,speedup,a2_exact_a1,a3_exact_a2,answer_or_correctness_changed,generation_reference_opportunity,total_row_removal_fraction,prompt_len,gen_length,nfe
math500,math500-test-400,safe_c095_s2,robust_delayed_one_update,0,A2_then_A3,7bffbbdc2ab961b299718d77c80e1c6d4e23c3f7c1cc63e0d83b0450b764fafe,b8209d4f01abf47dea7227610d18f8debec62a6dab0cd75b0c61e2546c16469c,3.5169118649791926,3.635398232843727,-0.03369045697289175,0.9674075960113315,1,1,0,0.476806640625,0.18382906626506024,102,64,64
math500,math500-test-400,safe_c095_s2,robust_delayed_one_update,1,A3_then_A2,7bffbbdc2ab961b299718d77c80e1c6d4e23c3f7c1cc63e0d83b0450b764fafe,b8209d4f01abf47dea7227610d18f8debec62a6dab0cd75b0c61e2546c16469c,3.5186542079318315,3.6316163460724056,-0.032103790672562305,0.9688948040277595,1,1,0,0.476806640625,0.18382906626506024,102,64,64
math500,math500-test-400,safe_c095_s2,robust_delayed_one_update,2,A2_then_A3,7bffbbdc2ab961b299718d77c80e1c6d4e23c3f7c1cc63e0d83b0450b764fafe,b8209d4f01abf47dea7227610d18f8debec62a6dab0cd75b0c61e2546c16469c,3.5183900000993162,3.6393799299839884,-0.03438786771257796,0.966755345082863,1,1,0,0.476806640625,0.18382906626506024,102,64,64
math500,math500-test-400,safe_c095_s2,robust_delayed_one_update,3,A3_then_A2,7bffbbdc2ab961b299718d77c80e1c6d4e23c3f7c1cc63e0d83b0450b764fafe,b8209d4f01abf47dea7227610d18f8debec62a6dab0cd75b0c61e2546c16469c,3.5195041419938207,3.6323754501063377,-0.03207023022526534,0.9689263101617943,1,1,0,0.476806640625,0.18382906626506024,102,64,64
math500,math500-test-400,safe_c095_s2,robust_delayed_one_update,4,A2_then_A3,7bffbbdc2ab961b299718d77c80e1c6d4e23c3f7c1cc63e0d83b0450b764fafe,b8209d4f01abf47dea7227610d18f8debec62a6dab0cd75b0c61e2546c16469c,3.5198388940189034,3.63388142012991,-0.03239992782192225,0.9686168829067269,1,1,0,0.476806640625,0.18382906626506024,102,64,64
math500,math500-test-400,aggressive_c090_age4_s8,robust_delayed_one_update,0,A2_then_A3,74fcad4ddd39ab318886f41b01bf523c10be75e0634077e2b79bd19a75f8bb91,caf09940069f83a4e16a2f34a018d7c8adc8f0553e7fb28c3fc90e6934f2687b,3.3016251968219876,3.4094821820035577,-0.03266784651552479,0.9683655818027509,1,1,0,0.4669270833333333,0.18002008032128514,102,64,60
math500,math500-test-400,aggressive_c090_age4_s8,robust_delayed_one_update,1,A3_then_A2,74fcad4ddd39ab318886f41b01bf523c10be75e0634077e2b79bd19a75f8bb91,caf09940069f83a4e16a2f34a018d7c8adc8f0553e7fb28c3fc90e6934f2687b,3.3007211349904537,3.409099522046745,-0.032834760230844084,0.9682090867821825,1,1,0,0.4669270833333333,0.18002008032128514,102,64,60
math500,math500-test-400,aggressive_c090_age4_s8,robust_delayed_one_update,2,A2_then_A3,74fcad4ddd39ab318886f41b01bf523c10be75e0634077e2b79bd19a75f8bb91,caf09940069f83a4e16a2f34a018d7c8adc8f0553e7fb28c3fc90e6934f2687b,3.3009199420921504,3.4071118200663477,-0.03217038881194201,0.9688322885827301,1,1,0,0.4669270833333333,0.18002008032128514,102,64,60
math500,math500-test-400,aggressive_c090_age4_s8,robust_delayed_one_update,3,A3_then_A2,74fcad4ddd39ab318886f41b01bf523c10be75e0634077e2b79bd19a75f8bb91,caf09940069f83a4e16a2f34a018d7c8adc8f0553e7fb28c3fc90e6934f2687b,3.30247188010253,3.4058219140861183,-0.03129475064005072,0.969654891949534,1,1,0,0.4669270833333333,0.18002008032128514,102,64,60
math500,math500-test-400,aggressive_c090_age4_s8,robust_delayed_one_update,4,A2_then_A3,74fcad4ddd39ab318886f41b01bf523c10be75e0634077e2b79bd19a75f8bb91,caf09940069f83a4e16a2f34a018d7c8adc8f0553e7fb28c3fc90e6934f2687b,3.303209956968203,3.407949030864984,-0.03170827021631828,0.969266244022964,1,1,0,0.4669270833333333,0.18002008032128514,102,64,60
math500,math500-test-401,safe_c095_s2,robust_delayed_one_update,0,A2_then_A3,a2cac0706a21ca118d75939cd384cbefdfc413c8a0d2f339bf840a08b9efffe5,5760e64654975cc6bb803de88fc29d65e9f763369420044d52997b5d8dcffb20,3.351631605066359,3.46825293591246,-0.0347953906001528,0.9663746177106834,1,1,0,0.47619047619047616,0.21768707482993196,76,64,63
math500,math500-test-401,safe_c095_s2,robust_delayed_one_update,1,A3_then_A2,a2cac0706a21ca118d75939cd384cbefdfc413c8a0d2f339bf840a08b9efffe5,5760e64654975cc6bb803de88fc29d65e9f763369420044d52997b5d8dcffb20,3.351573086110875,3.4676340881269425,-0.03462881430126985,0.9665302050140018,1,1,0,0.47619047619047616,0.21768707482993196,76,64,63
math500,math500-test-401,safe_c095_s2,robust_delayed_one_update,2,A2_then_A3,a2cac0706a21ca118d75939cd384cbefdfc413c8a0d2f339bf840a08b9efffe5,5760e64654975cc6bb803de88fc29d65e9f763369420044d52997b5d8dcffb20,3.3505874229595065,3.4702525429893285,-0.0357146687801162,0.9655168842764565,1,1,0,0.47619047619047616,0.21768707482993196,76,64,63
math500,math500-test-401,safe_c095_s2,robust_delayed_one_update,3,A3_then_A2,a2cac0706a21ca118d75939cd384cbefdfc413c8a0d2f339bf840a08b9efffe5,5760e64654975cc6bb803de88fc29d65e9f763369420044d52997b5d8dcffb20,3.3498546010814607,3.4658231760840863,-0.03461898763163829,0.9665393849856891,1,1,0,0.47619047619047616,0.21768707482993196,76,64,63
math500,math500-test-401,safe_c095_s2,robust_delayed_one_update,4,A2_then_A3,a2cac0706a21ca118d75939cd384cbefdfc413c8a0d2f339bf840a08b9efffe5,5760e64654975cc6bb803de88fc29d65e9f763369420044d52997b5d8dcffb20,3.352435650071129,3.4684656199533492,-0.03461064789707691,0.9665471760150298,1,1,0,0.47619047619047616,0.21768707482993196,76,64,63
math500,math500-test-401,aggressive_c090_age4_s8,robust_delayed_one_update,0,A2_then_A3,5a22aba166bf84a8d396d432baff70c88526a9b22c1ab359bb1883df11a09343,fdeb25e2169bd153f98f13199499ab53078d47875254305a8ac4faecc6ce489c,3.0872402768582106,3.1938805538229644,-0.03454226668527349,0.9666110628848943,1,1,0,0.47979525862068967,0.21933497536945812,76,64,58
math500,math500-test-401,aggressive_c090_age4_s8,robust_delayed_one_update,1,A3_then_A2,5a22aba166bf84a8d396d432baff70c88526a9b22c1ab359bb1883df11a09343,fdeb25e2169bd153f98f13199499ab53078d47875254305a8ac4faecc6ce489c,3.086343181086704,3.1916721498128027,-0.034127432545920655,0.9669988132295241,1,1,0,0.47979525862068967,0.21933497536945812,76,64,58
math500,math500-test-401,aggressive_c090_age4_s8,robust_delayed_one_update,2,A2_then_A3,5a22aba166bf84a8d396d432baff70c88526a9b22c1ab359bb1883df11a09343,fdeb25e2169bd153f98f13199499ab53078d47875254305a8ac4faecc6ce489c,3.0875176838599145,3.1943045330699533,-0.034586635655002196,0.9665696090950323,1,1,0,0.47979525862068967,0.21933497536945812,76,64,58
math500,math500-test-401,aggressive_c090_age4_s8,robust_delayed_one_update,3,A3_then_A2,5a22aba166bf84a8d396d432baff70c88526a9b22c1ab359bb1883df11a09343,fdeb25e2169bd153f98f13199499ab53078d47875254305a8ac4faecc6ce489c,3.0866138571873307,3.194615331944078,-0.034990277292140215,0.966192651216313,1,1,0,0.47979525862068967,0.21933497536945812,76,64,58
math500,math500-test-401,aggressive_c090_age4_s8,robust_delayed_one_update,4,A2_then_A3,5a22aba166bf84a8d396d432baff70c88526a9b22c1ab359bb1883df11a09343,fdeb25e2169bd153f98f13199499ab53078d47875254305a8ac4faecc6ce489c,3.0877427379600704,3.1952902998309582,-0.034830480061930125,0.9663418494787226,1,1,0,0.47979525862068967,0.21933497536945812,76,64,58
math500,math500-test-402,safe_c095_s2,robust_delayed_one_update,0,A2_then_A3,f155b0d3f01954f14640da4ea043dc0a008d83a865ac304fbb91c2c4060d1810,dd1c4c8ba168706bcaa99711a688b71b2f98593ec2e8b787b99422b3094a8db8,3.2865032870322466,3.4036420290358365,-0.03564236264901699,0.9655842944104283,1,1,0,0.48336693548387094,0.2241701729780271,74,64,62
math500,math500-test-402,safe_c095_s2,robust_delayed_one_update,1,A3_then_A2,f155b0d3f01954f14640da4ea043dc0a008d83a865ac304fbb91c2c4060d1810,dd1c4c8ba168706bcaa99711a688b71b2f98593ec2e8b787b99422b3094a8db8,3.290432571899146,3.403550300979987,-0.03437776845721907,0.9667647840996295,1,1,0,0.48336693548387094,0.2241701729780271,74,64,62
math500,math500-test-402,safe_c095_s2,robust_delayed_one_update,2,A2_then_A3,f155b0d3f01954f14640da4ea043dc0a008d83a865ac304fbb91c2c4060d1810,dd1c4c8ba168706bcaa99711a688b71b2f98593ec2e8b787b99422b3094a8db8,3.286852695979178,3.4037064739968628,-0.0355518755557962,0.9656686676978737,1,1,0,0.48336693548387094,0.2241701729780271,74,64,62
math500,math500-test-402,safe_c095_s2,robust_delayed_one_update,3,A3_then_A2,f155b0d3f01954f14640da4ea043dc0a008d83a865ac304fbb91c2c4060d1810,dd1c4c8ba168706bcaa99711a688b71b2f98593ec2e8b787b99422b3094a8db8,3.2880036539863795,3.4058658208232373,-0.03584611796095838,0.965394359896313,1,1,0,0.48336693548387094,0.2241701729780271,74,64,62
math500,math500-test-402,safe_c095_s2,robust_delayed_one_update,4,A2_then_A3,f155b0d3f01954f14640da4ea043dc0a008d83a865ac304fbb91c2c4060d1810,dd1c4c8ba168706bcaa99711a688b71b2f98593ec2e8b787b99422b3094a8db8,3.2864927609916776,3.4070452698506415,-0.03668120322364188,0.9646166988370399,1,1,0,0.48336693548387094,0.2241701729780271,74,64,62
math500,math500-test-402,aggressive_c090_age4_s8,robust_delayed_one_update,0,A2_then_A3,b3b513f8b206b21158fcbc9a80872f689fa174865d1b66fa4bd994f2d2e9418e,c6cd0319c7ddf5d09bc600694be2ff6b0d7923538e0a7ae38c07a724569aa420,3.339721605880186,3.4597140760160983,-0.03592888398980443,0.9653172292566775,1,1,0,0.48313492063492064,0.22406257188865886,74,64,63
math500,math500-test-402,aggressive_c090_age4_s8,robust_delayed_one_update,1,A3_then_A2,b3b513f8b206b21158fcbc9a80872f689fa174865d1b66fa4bd994f2d2e9418e,c6cd0319c7ddf5d09bc600694be2ff6b0d7923538e0a7ae38c07a724569aa420,3.3398462659679353,3.453073080861941,-0.03390180441769264,0.9672098411349747,1,1,0,0.48313492063492064,0.22406257188865886,74,64,63
math500,math500-test-402,aggressive_c090_age4_s8,robust_delayed_one_update,2,A2_then_A3,b3b513f8b206b21158fcbc9a80872f689fa174865d1b66fa4bd994f2d2e9418e,c6cd0319c7ddf5d09bc600694be2ff6b0d7923538e0a7ae38c07a724569aa420,3.3409936600364745,3.457969489041716,-0.035012287034380085,0.9661721049373232,1,1,0,0.48313492063492064,0.22406257188865886,74,64,63
math500,math500-test-402,aggressive_c090_age4_s8,robust_delayed_one_update,3,A3_then_A2,b3b513f8b206b21158fcbc9a80872f689fa174865d1b66fa4bd994f2d2e9418e,c6cd0319c7ddf5d09bc600694be2ff6b0d7923538e0a7ae38c07a724569aa420,3.3408196039963514,3.4568987649399787,-0.03474571353831002,0.9664210123475679,1,1,0,0.48313492063492064,0.22406257188865886,74,64,63
math500,math500-test-402,aggressive_c090_age4_s8,robust_delayed_one_update,4,A2_then_A3,b3b513f8b206b21158fcbc9a80872f689fa174865d1b66fa4bd994f2d2e9418e,c6cd0319c7ddf5d09bc600694be2ff6b0d7923538e0a7ae38c07a724569aa420,3.3397355508059263,3.4586823829449713,-0.03561564391238736,0.9656092063481801,1,1,0,0.48313492063492064,0.22406257188865886,74,64,63
math500,math500-test-403,safe_c095_s2,robust_delayed_one_update,0,A2_then_A3,3c7cfea4feb84329efb61e31d79e1a9b2d91ad15f7f7ad2b4ad9d5b855d6e6ed,c8bc8e4831e76e23757f10d22fcacc34f504f22ef8210f7c7ee39ce9b525ef1d,3.370755776995793,3.472527108155191,-0.030192436916952392,0.9706924300402467,1,1,0,0.47505040322580644,0.20134586626789147,87,64,62
math500,math500-test-403,safe_c095_s2,robust_delayed_one_update,1,A3_then_A2,3c7cfea4feb84329efb61e31d79e1a9b2d91ad15f7f7ad2b4ad9d5b855d6e6ed,c8bc8e4831e76e23757f10d22fcacc34f504f22ef8210f7c7ee39ce9b525ef1d,3.369877291144803,3.472609800985083,-0.03048553432798129,0.9704163393735923,1,1,0,0.47505040322580644,0.20134586626789147,87,64,62
math500,math500-test-403,safe_c095_s2,robust_delayed_one_update,2,A2_then_A3,3c7cfea4feb84329efb61e31d79e1a9b2d91ad15f7f7ad2b4ad9d5b855d6e6ed,c8bc8e4831e76e23757f10d22fcacc34f504f22ef8210f7c7ee39ce9b525ef1d,3.369130161823705,3.4751728118862957,-0.03147478576642171,0.9694856469583647,1,1,0,0.47505040322580644,0.20134586626789147,87,64,62
math500,math500-test-403,safe_c095_s2,robust_delayed_one_update,3,A3_then_A2,3c7cfea4feb84329efb61e31d79e1a9b2d91ad15f7f7ad2b4ad9d5b855d6e6ed,c8bc8e4831e76e23757f10d22fcacc34f504f22ef8210f7c7ee39ce9b525ef1d,3.3707912070676684,3.4727276950143278,-0.030241116012443836,0.9706465646318869,1,1,0,0.47505040322580644,0.20134586626789147,87,64,62
math500,math500-test-403,safe_c095_s2,robust_delayed_one_update,4,A2_then_A3,3c7cfea4feb84329efb61e31d79e1a9b2d91ad15f7f7ad2b4ad9d5b855d6e6ed,c8bc8e4831e76e23757f10d22fcacc34f504f22ef8210f7c7ee39ce9b525ef1d,3.371937927789986,3.472600342007354,-0.02985298554512328,0.9710123814135262,1,1,0,0.47505040322580644,0.20134586626789147,87,64,62
math500,math500-test-403,aggressive_c090_age4_s8,robust_delayed_one_update,0,A2_then_A3,d29ee3f3331d5b3688b4c08f9b2c16b631255bf9731c48b0506ae90ba7aa5c82,d813c37c76aa3e7748d09cb3ff661007f3f3a1ea9551085b85c6310972541177,3.0470498129725456,3.139088582014665,-0.030205862946602435,0.9706797796120016,1,1,0,0.49135044642857145,0.20825449385052033,87,64,56
math500,math500-test-403,aggressive_c090_age4_s8,robust_delayed_one_update,1,A3_then_A2,d29ee3f3331d5b3688b4c08f9b2c16b631255bf9731c48b0506ae90ba7aa5c82,d813c37c76aa3e7748d09cb3ff661007f3f3a1ea9551085b85c6310972541177,3.0457273579668254,3.139298248104751,-0.03072201781067796,0.9701936921111538,1,1,0,0.49135044642857145,0.20825449385052033,87,64,56
math500,math500-test-403,aggressive_c090_age4_s8,robust_delayed_one_update,2,A2_then_A3,d29ee3f3331d5b3688b4c08f9b2c16b631255bf9731c48b0506ae90ba7aa5c82,d813c37c76aa3e7748d09cb3ff661007f3f3a1ea9551085b85c6310972541177,3.045119277900085,3.139860335038975,-0.031112428937175585,0.9698263467066875,1,1,0,0.49135044642857145,0.20825449385052033,87,64,56
math500,math500-test-403,aggressive_c090_age4_s8,robust_delayed_one_update,3,A3_then_A2,d29ee3f3331d5b3688b4c08f9b2c16b631255bf9731c48b0506ae90ba7aa5c82,d813c37c76aa3e7748d09cb3ff661007f3f3a1ea9551085b85c6310972541177,3.046031729783863,3.139208315173164,-0.030589499274819687,0.9703184446413008,1,1,0,0.49135044642857145,0.20825449385052033,87,64,56
math500,math500-test-403,aggressive_c090_age4_s8,robust_delayed_one_update,4,A2_then_A3,d29ee3f3331d5b3688b4c08f9b2c16b631255bf9731c48b0506ae90ba7aa5c82,d813c37c76aa3e7748d09cb3ff661007f3f3a1ea9551085b85c6310972541177,3.0478976229205728,3.136704640928656,-0.029137139430223336,0.9716877971711768,1,1,0,0.49135044642857145,0.20825449385052033,87,64,56
math500,math500-test-404,safe_c095_s2,robust_delayed_one_update,0,A2_then_A3,ea55374a24d64b2978ebf0707dcfbe84fdd4f166df5349223899c90c2fc7801d,e8e3b6ba2286847133135968cc3bf0b8d176d47dc4d34858ce870c15443e2f2f,3.2873581969179213,3.4029675771016628,-0.03516786831813201,0.9660268934204166,1,1,0,0.47505040322580644,0.22031323048153342,74,64,62
math500,math500-test-404,safe_c095_s2,robust_delayed_one_update,1,A3_then_A2,ea55374a24d64b2978ebf0707dcfbe84fdd4f166df5349223899c90c2fc7801d,e8e3b6ba2286847133135968cc3bf0b8d176d47dc4d34858ce870c15443e2f2f,3.2864054180681705,3.402597942855209,-0.03535550548578992,0.9658518206563252,1,1,0,0.47505040322580644,0.22031323048153342,74,64,62
math500,math500-test-404,safe_c095_s2,robust_delayed_one_update,2,A2_then_A3,ea55374a24d64b2978ebf0707dcfbe84fdd4f166df5349223899c90c2fc7801d,e8e3b6ba2286847133135968cc3bf0b8d176d47dc4d34858ce870c15443e2f2f,3.2870087998453528,3.4016824250575155,-0.03488692370326407,0.9662891443459117,1,1,0,0.47505040322580644,0.22031323048153342,74,64,62
math500,math500-test-404,safe_c095_s2,robust_delayed_one_update,3,A3_then_A2,ea55374a24d64b2978ebf0707dcfbe84fdd4f166df5349223899c90c2fc7801d,e8e3b6ba2286847133135968cc3bf0b8d176d47dc4d34858ce870c15443e2f2f,3.2858375359792262,3.401772110024467,-0.03528311207592649,0.9659193590000927,1,1,0,0.47505040322580644,0.22031323048153342,74,64,62
math500,math500-test-404,safe_c095_s2,robust_delayed_one_update,4,A2_then_A3,ea55374a24d64b2978ebf0707dcfbe84fdd4f166df5349223899c90c2fc7801d,e8e3b6ba2286847133135968cc3bf0b8d176d47dc4d34858ce870c15443e2f2f,3.2855021150317043,3.4008775919210166,-0.03511654317964097,0.9660747928230662,1,1,0,0.47505040322580644,0.22031323048153342,74,64,62
math500,math500-test-404,aggressive_c090_age4_s8,robust_delayed_one_update,0,A2_then_A3,1c4a7760fd3827a755d481013f49c49180f54e4c84de46eadc2123d1f4a5a62d,8b56e633da352496256f0baf69b54284403998a45f6e8cf8d2dca660537d4e6b,3.0228670481592417,3.1293928290251642,-0.035239982165537365,0.9659596008919384,1,1,0,0.4849232456140351,0.22489193999491483,74,64,57
math500,math500-test-404,aggressive_c090_age4_s8,robust_delayed_one_update,1,A3_then_A2,1c4a7760fd3827a755d481013f49c49180f54e4c84de46eadc2123d1f4a5a62d,8b56e633da352496256f0baf69b54284403998a45f6e8cf8d2dca660537d4e6b,3.022744141984731,3.128597596893087,-0.03501899265574382,0.9661658453572055,1,1,0,0.4849232456140351,0.22489193999491483,74,64,57
math500,math500-test-404,aggressive_c090_age4_s8,robust_delayed_one_update,2,A2_then_A3,1c4a7760fd3827a755d481013f49c49180f54e4c84de46eadc2123d1f4a5a62d,8b56e633da352496256f0baf69b54284403998a45f6e8cf8d2dca660537d4e6b,3.023482894990593,3.132148331962526,-0.035940483457661765,0.9653064205602786,1,1,0,0.4849232456140351,0.22489193999491483,74,64,57
math500,math500-test-404,aggressive_c090_age4_s8,robust_delayed_one_update,3,A3_then_A2,1c4a7760fd3827a755d481013f49c49180f54e4c84de46eadc2123d1f4a5a62d,8b56e633da352496256f0baf69b54284403998a45f6e8cf8d2dca660537d4e6b,3.0230094420257956,3.129058892140165,-0.03508075384749798,0.9661081961797672,1,1,0,0.4849232456140351,0.22489193999491483,74,64,57
math500,math500-test-404,aggressive_c090_age4_s8,robust_delayed_one_update,4,A2_then_A3,1c4a7760fd3827a755d481013f49c49180f54e4c84de46eadc2123d1f4a5a62d,8b56e633da352496256f0baf69b54284403998a45f6e8cf8d2dca660537d4e6b,3.0233767598401755,3.129465793957934,-0.035089584443113386,0.9660999540807941,1,1,0,0.4849232456140351,0.22489193999491483,74,64,57
math500,math500-test-405,safe_c095_s2,robust_delayed_one_update,0,A2_then_A3,be85a102adb6deaf553f5a12f79fa58904d693213c706c321ac6deddbf1067f1,463e84e09c5064f2ef434f841a4ae677e54cc9f0741b6f787866eda25500405e,3.2987464999314398,3.4207297661341727,-0.03697867241549724,0.9643399875048919,1,1,0,0.47619047619047616,0.23624953857511996,65,64,63
math500,math500-test-405,safe_c095_s2,robust_delayed_one_update,1,A3_then_A2,be85a102adb6deaf553f5a12f79fa58904d693213c706c321ac6deddbf1067f1,463e84e09c5064f2ef434f841a4ae677e54cc9f0741b6f787866eda25500405e,3.298962169094011,3.415952231036499,-0.03546268673175379,0.9657518448649413,1,1,0,0.47619047619047616,0.23624953857511996,65,64,63
math500,math500-test-405,safe_c095_s2,robust_delayed_one_update,2,A2_then_A3,be85a102adb6deaf553f5a12f79fa58904d693213c706c321ac6deddbf1067f1,463e84e09c5064f2ef434f841a4ae677e54cc9f0741b6f787866eda25500405e,3.299655993003398,3.415468516992405,-0.03509836305195946,0.9660917606434303,1,1,0,0.47619047619047616,0.23624953857511996,65,64,63
math500,math500-test-405,safe_c095_s2,robust_delayed_one_update,3,A3_then_A2,be85a102adb6deaf553f5a12f79fa58904d693213c706c321ac6deddbf1067f1,463e84e09c5064f2ef434f841a4ae677e54cc9f0741b6f787866eda25500405e,3.299169930163771,3.416957343928516,-0.035702136069995616,0.965528567696627,1,1,0,0.47619047619047616,0.23624953857511996,65,64,63
math500,math500-test-405,safe_c095_s2,robust_delayed_one_update,4,A2_then_A3,be85a102adb6deaf553f5a12f79fa58904d693213c706c321ac6deddbf1067f1,463e84e09c5064f2ef434f841a4ae677e54cc9f0741b6f787866eda25500405e,3.298308497061953,3.418040798045695,-0.036301122557333976,0.9649704880491186,1,1,0,0.47619047619047616,0.23624953857511996,65,64,63
math500,math500-test-405,aggressive_c090_age4_s8,robust_delayed_one_update,0,A2_then_A3,7225162fbb0387c9fc5bc028e31f992aa7b9887bbdd24a8dad44be8c02d90f54,653590e5f78ff9426cdee4f96d8d597b4634be7bb142ff0378843edfb84a0bf3,3.142307867994532,3.2562853028066456,-0.03627188665153169,0.9649977123583506,1,1,0,0.4669270833333333,0.23165374677002584,65,64,60
math500,math500-test-405,aggressive_c090_age4_s8,robust_delayed_one_update,1,A3_then_A2,7225162fbb0387c9fc5bc028e31f992aa7b9887bbdd24a8dad44be8c02d90f54,653590e5f78ff9426cdee4f96d8d597b4634be7bb142ff0378843edfb84a0bf3,3.1410461622290313,3.255349640036002,-0.036390257227501444,0.9648874958311063,1,1,0,0.4669270833333333,0.23165374677002584,65,64,60
math500,math500-test-405,aggressive_c090_age4_s8,robust_delayed_one_update,2,A2_then_A3,7225162fbb0387c9fc5bc028e31f992aa7b9887bbdd24a8dad44be8c02d90f54,653590e5f78ff9426cdee4f96d8d597b4634be7bb142ff0378843edfb84a0bf3,3.141465018969029,3.2566867370624095,-0.0366777020904705,0.9646199566012565,1,1,0,0.4669270833333333,0.23165374677002584,65,64,60
math500,math500-test-405,aggressive_c090_age4_s8,robust_delayed_one_update,3,A3_then_A2,7225162fbb0387c9fc5bc028e31f992aa7b9887bbdd24a8dad44be8c02d90f54,653590e5f78ff9426cdee4f96d8d597b4634be7bb142ff0378843edfb84a0bf3,3.140254035126418,3.253400593996048,-0.03603102093142452,0.9652220636221573,1,1,0,0.4669270833333333,0.23165374677002584,65,64,60
math500,math500-test-405,aggressive_c090_age4_s8,robust_delayed_one_update,4,A2_then_A3,7225162fbb0387c9fc5bc028e31f992aa7b9887bbdd24a8dad44be8c02d90f54,653590e5f78ff9426cdee4f96d8d597b4634be7bb142ff0378843edfb84a0bf3,3.1420396158937365,3.2579522740561515,-0.036890896466130085,0.9644216218004619,1,1,0,0.4669270833333333,0.23165374677002584,65,64,60
math500,math500-test-406,safe_c095_s2,robust_delayed_one_update,0,A2_then_A3,479f5a3727d105db0afe6ab3749d6ca0fafb6cd791d68a9f34d8acd6a5c13828,e191e02703a3b07253e0f53762807f4a20beb7e65bb3446351440252ac532aea,3.242391224950552,3.28971946798265,-0.014596709572830546,0.985613289068347,1,1,0,0.47505040322580644,0.2666949632144878,50,64,62
math500,math500-test-406,safe_c095_s2,robust_delayed_one_update,1,A3_then_A2,479f5a3727d105db0afe6ab3749d6ca0fafb6cd791d68a9f34d8acd6a5c13828,e191e02703a3b07253e0f53762807f4a20beb7e65bb3446351440252ac532aea,3.2421145329717547,3.2895705869887024,-0.014637377407345609,0.9855737845527159,1,1,0,0.47505040322580644,0.2666949632144878,50,64,62
math500,math500-test-406,safe_c095_s2,robust_delayed_one_update,2,A2_then_A3,479f5a3727d105db0afe6ab3749d6ca0fafb6cd791d68a9f34d8acd6a5c13828,e191e02703a3b07253e0f53762807f4a20beb7e65bb3446351440252ac532aea,3.2440777882002294,3.2865676421206445,-0.013097668026014864,0.9870716630396207,1,1,0,0.47505040322580644,0.2666949632144878,50,64,62
math500,math500-test-406,safe_c095_s2,robust_delayed_one_update,3,A3_then_A2,479f5a3727d105db0afe6ab3749d6ca0fafb6cd791d68a9f34d8acd6a5c13828,e191e02703a3b07253e0f53762807f4a20beb7e65bb3446351440252ac532aea,3.243225208017975,3.2871392827946693,-0.013540248351588069,0.9866406406912702,1,1,0,0.47505040322580644,0.2666949632144878,50,64,62
math500,math500-test-406,safe_c095_s2,robust_delayed_one_update,4,A2_then_A3,479f5a3727d105db0afe6ab3749d6ca0fafb6cd791d68a9f34d8acd6a5c13828,e191e02703a3b07253e0f53762807f4a20beb7e65bb3446351440252ac532aea,3.2413137680850923,3.2898218911141157,-0.014965574609483445,0.9852550914199808,1,1,0,0.47505040322580644,0.2666949632144878,50,64,62
math500,math500-test-406,aggressive_c090_age4_s8,robust_delayed_one_update,0,A2_then_A3,766dd1a4999be2f1d53c6d35b7d2a880ecf8301a8c9b46a165ae640222105b70,d28fc1061971cfcc927e2889716d3cd70c779225927226d4d7e396792a423b5a,3.033175942953676,3.073629134101793,-0.013336908873385234,0.9868386232095179,1,1,0,0.4792564655172414,0.2690562613430127,50,64,58
math500,math500-test-406,aggressive_c090_age4_s8,robust_delayed_one_update,1,A3_then_A2,766dd1a4999be2f1d53c6d35b7d2a880ecf8301a8c9b46a165ae640222105b70,d28fc1061971cfcc927e2889716d3cd70c779225927226d4d7e396792a423b5a,3.0346991720143706,3.0760471241082996,-0.013625057954750552,0.9865580888635068,1,1,0,0.4792564655172414,0.2690562613430127,50,64,58
math500,math500-test-406,aggressive_c090_age4_s8,robust_delayed_one_update,2,A2_then_A3,766dd1a4999be2f1d53c6d35b7d2a880ecf8301a8c9b46a165ae640222105b70,d28fc1061971cfcc927e2889716d3cd70c779225927226d4d7e396792a423b5a,3.0334968941751868,3.0770161929540336,-0.014346248009157625,0.9858566559127961,1,1,0,0.4792564655172414,0.2690562613430127,50,64,58
math500,math500-test-406,aggressive_c090_age4_s8,robust_delayed_one_update,3,A3_then_A2,766dd1a4999be2f1d53c6d35b7d2a880ecf8301a8c9b46a165ae640222105b70,d28fc1061971cfcc927e2889716d3cd70c779225927226d4d7e396792a423b5a,3.0335435569286346,3.0801985871512443,-0.015379713311203025,0.9848532395225338,1,1,0,0.4792564655172414,0.2690562613430127,50,64,58
math500,math500-test-406,aggressive_c090_age4_s8,robust_delayed_one_update,4,A2_then_A3,766dd1a4999be2f1d53c6d35b7d2a880ecf8301a8c9b46a165ae640222105b70,d28fc1061971cfcc927e2889716d3cd70c779225927226d4d7e396792a423b5a,3.0331595321185887,3.076990629080683,-0.014450640165134754,0.9857552062239495,1,1,0,0.4792564655172414,0.2690562613430127,50,64,58
math500,math500-test-407,safe_c095_s2,robust_delayed_one_update,0,A2_then_A3,5112091be7306d7aca2962f04e52946046b079b851ddfc18744c0601f6cd82b5,74b5339db2a48e7ca3442d1a897d71d3d76d5f2d43a32a8b7cf9f39a8e5ad0bb,3.3666738958563656,3.4954567798413336,-0.03825225963924561,0.9631570658439628,1,1,0,0.476806640625,0.2294407894736842,69,64,64
math500,math500-test-407,safe_c095_s2,robust_delayed_one_update,1,A3_then_A2,5112091be7306d7aca2962f04e52946046b079b851ddfc18744c0601f6cd82b5,74b5339db2a48e7ca3442d1a897d71d3d76d5f2d43a32a8b7cf9f39a8e5ad0bb,3.367651778040454,3.4957208649720997,-0.0380291952293732,0.9633640408148927,1,1,0,0.476806640625,0.2294407894736842,69,64,64
math500,math500-test-407,safe_c095_s2,robust_delayed_one_update,2,A2_then_A3,5112091be7306d7aca2962f04e52946046b079b851ddfc18744c0601f6cd82b5,74b5339db2a48e7ca3442d1a897d71d3d76d5f2d43a32a8b7cf9f39a8e5ad0bb,3.3676263480447233,3.4942579050548375,-0.03760261499427853,0.9637601000123868,1,1,0,0.476806640625,0.2294407894736842,69,64,64
math500,math500-test-407,safe_c095_s2,robust_delayed_one_update,3,A3_then_A2,5112091be7306d7aca2962f04e52946046b079b851ddfc18744c0601f6cd82b5,74b5339db2a48e7ca3442d1a897d71d3d76d5f2d43a32a8b7cf9f39a8e5ad0bb,3.367901766905561,3.494657254079357,-0.03763633738351557,0.963728778544496,1,1,0,0.476806640625,0.2294407894736842,69,64,64
math500,math500-test-407,safe_c095_s2,robust_delayed_one_update,4,A2_then_A3,5112091be7306d7aca2962f04e52946046b079b851ddfc18744c0601f6cd82b5,74b5339db2a48e7ca3442d1a897d71d3d76d5f2d43a32a8b7cf9f39a8e5ad0bb,3.5123047991655767,3.496470798039809,0.00450815120872472,1.004528566672041,1,1,0,0.476806640625,0.2294407894736842,69,64,64
math500,math500-test-407,aggressive_c090_age4_s8,robust_delayed_one_update,0,A2_then_A3,1954b68d8e40e303a358e0e630469b4160fa6a91d513efd32a7e9a7b4dbdb354,7eb686cee8c6348f18b50eaeae8e7825c16943fbcddc62ad7d58994b1a838d3e,3.2127351879607886,3.329750946024433,-0.03642247219818873,0.9648575043718043,1,1,0,0.49410860655737704,0.2377665475163318,69,64,61
math500,math500-test-407,aggressive_c090_age4_s8,robust_delayed_one_update,1,A3_then_A2,1954b68d8e40e303a358e0e630469b4160fa6a91d513efd32a7e9a7b4dbdb354,7eb686cee8c6348f18b50eaeae8e7825c16943fbcddc62ad7d58994b1a838d3e,3.2136770670767874,3.3290099939331412,-0.035888150691277376,0.9653551875583014,1,1,0,0.49410860655737704,0.2377665475163318,69,64,61
math500,math500-test-407,aggressive_c090_age4_s8,robust_delayed_one_update,2,A2_then_A3,1954b68d8e40e303a358e0e630469b4160fa6a91d513efd32a7e9a7b4dbdb354,7eb686cee8c6348f18b50eaeae8e7825c16943fbcddc62ad7d58994b1a838d3e,3.2126574320718646,3.329830271191895,-0.03647224816138106,0.9648111676640837,1,1,0,0.49410860655737704,0.2377665475163318,69,64,61
math500,math500-test-407,aggressive_c090_age4_s8,robust_delayed_one_update,3,A3_then_A2,1954b68d8e40e303a358e0e630469b4160fa6a91d513efd32a7e9a7b4dbdb354,7eb686cee8c6348f18b50eaeae8e7825c16943fbcddc62ad7d58994b1a838d3e,3.214069827925414,3.3309696009382606,-0.03637126113352118,0.9649051816684492,1,1,0,0.49410860655737704,0.2377665475163318,69,64,61
math500,math500-test-407,aggressive_c090_age4_s8,robust_delayed_one_update,4,A2_then_A3,1954b68d8e40e303a358e0e630469b4160fa6a91d513efd32a7e9a7b4dbdb354,7eb686cee8c6348f18b50eaeae8e7825c16943fbcddc62ad7d58994b1a838d3e,3.213726613903418,3.3342721390072256,-0.03750957675811506,0.9638465247951538,1,1,0,0.49410860655737704,0.2377665475163318,69,64,61
math500,math500-test-408,safe_c095_s2,robust_delayed_one_update,0,A2_then_A3,a6631239f46c5c2a887298619edb5f97b131eb031b3993e789b4544aed183b90,c2f6508578a9ba7edce425ba8c545c2954b5e99bf085efe46aeb5b97a1ec991e,3.361078330082819,3.4771202821284533,-0.03452521502013761,0.9666269951482376,1,1,0,0.47505040322580644,0.20268817204301076,86,64,62
math500,math500-test-408,safe_c095_s2,robust_delayed_one_update,1,A3_then_A2,a6631239f46c5c2a887298619edb5f97b131eb031b3993e789b4544aed183b90,c2f6508578a9ba7edce425ba8c545c2954b5e99bf085efe46aeb5b97a1ec991e,3.3601770780514926,3.4765729929786175,-0.03463981576668007,0.9665199277673153,1,1,0,0.47505040322580644,0.20268817204301076,86,64,62
math500,math500-test-408,safe_c095_s2,robust_delayed_one_update,2,A2_then_A3,a6631239f46c5c2a887298619edb5f97b131eb031b3993e789b4544aed183b90,c2f6508578a9ba7edce425ba8c545c2954b5e99bf085efe46aeb5b97a1ec991e,3.3609246420674026,3.47582426504232,-0.034186908428937235,0.9669432013204734,1,1,0,0.47505040322580644,0.20268817204301076,86,64,62
math500,math500-test-408,safe_c095_s2,robust_delayed_one_update,3,A3_then_A2,a6631239f46c5c2a887298619edb5f97b131eb031b3993e789b4544aed183b90,c2f6508578a9ba7edce425ba8c545c2954b5e99bf085efe46aeb5b97a1ec991e,3.3632320428732783,3.4741237279959023,-0.03297176159985882,0.9680806747816684,1,1,0,0.47505040322580644,0.20268817204301076,86,64,62
math500,math500-test-408,safe_c095_s2,robust_delayed_one_update,4,A2_then_A3,a6631239f46c5c2a887298619edb5f97b131eb031b3993e789b4544aed183b90,c2f6508578a9ba7edce425ba8c545c2954b5e99bf085efe46aeb5b97a1ec991e,3.362804076867178,3.478011816041544,-0.034259426520528935,0.9668754031705711,1,1,0,0.47505040322580644,0.20268817204301076,86,64,62
math500,math500-test-408,aggressive_c090_age4_s8,robust_delayed_one_update,0,A2_then_A3,d8976087b4871cfc5c14e3ea69ff81405496e5f1c6f34f817b9313d60dac4bba,aa0910a8d7eec48ed6bc9f4713deb4f7ca9865800008ab5ea78bcceef9a36865,3.0391293631400913,3.1396705580409616,-0.03308223602465832,0.9679771514105594,1,1,0,0.49135044642857145,0.20964285714285713,86,64,56
math500,math500-test-408,aggressive_c090_age4_s8,robust_delayed_one_update,1,A3_then_A2,d8976087b4871cfc5c14e3ea69ff81405496e5f1c6f34f817b9313d60dac4bba,aa0910a8d7eec48ed6bc9f4713deb4f7ca9865800008ab5ea78bcceef9a36865,3.038783679017797,3.13929101312533,-0.0330748564965373,0.9679840659284809,1,1,0,0.49135044642857145,0.20964285714285713,86,64,56
math500,math500-test-408,aggressive_c090_age4_s8,robust_delayed_one_update,2,A2_then_A3,d8976087b4871cfc5c14e3ea69ff81405496e5f1c6f34f817b9313d60dac4bba,aa0910a8d7eec48ed6bc9f4713deb4f7ca9865800008ab5ea78bcceef9a36865,3.03747879806906,3.142334277043119,-0.03452056325157438,0.9666313416302971,1,1,0,0.49135044642857145,0.20964285714285713,86,64,56
math500,math500-test-408,aggressive_c090_age4_s8,robust_delayed_one_update,3,A3_then_A2,d8976087b4871cfc5c14e3ea69ff81405496e5f1c6f34f817b9313d60dac4bba,aa0910a8d7eec48ed6bc9f4713deb4f7ca9865800008ab5ea78bcceef9a36865,3.0378378280438483,3.1393328469712287,-0.033410282138969905,0.9676698764117029,1,1,0,0.49135044642857145,0.20964285714285713,86,64,56
math500,math500-test-408,aggressive_c090_age4_s8,robust_delayed_one_update,4,A2_then_A3,d8976087b4871cfc5c14e3ea69ff81405496e5f1c6f34f817b9313d60dac4bba,aa0910a8d7eec48ed6bc9f4713deb4f7ca9865800008ab5ea78bcceef9a36865,3.037616944871843,3.1388923719059676,-0.033340420754861766,0.9677352979858213,1,1,0,0.49135044642857145,0.20964285714285713,86,64,56
math500,math500-test-409,safe_c095_s2,robust_delayed_one_update,0,A2_then_A3,4fb777e298b91e50de7d6bf8dbe45fb09e208502c6ab22d0279ca88c170314a1,9464f9459d545f48b173dafc4cbbc31fce9dd849958d84590fab9c3f576be6a2,3.506253201980144,3.62062307796441,-0.032618829672562244,0.9684115486419074,1,1,0,0.476806640625,0.1943670382165605,93,64,64
math500,math500-test-409,safe_c095_s2,robust_delayed_one_update,1,A3_then_A2,4fb777e298b91e50de7d6bf8dbe45fb09e208502c6ab22d0279ca88c170314a1,9464f9459d545f48b173dafc4cbbc31fce9dd849958d84590fab9c3f576be6a2,3.508283899864182,3.621907680062577,-0.0323872820562765,0.9686287475454283,1,1,0,0.476806640625,0.1943670382165605,93,64,64
math500,math500-test-409,safe_c095_s2,robust_delayed_one_update,2,A2_then_A3,4fb777e298b91e50de7d6bf8dbe45fb09e208502c6ab22d0279ca88c170314a1,9464f9459d545f48b173dafc4cbbc31fce9dd849958d84590fab9c3f576be6a2,3.5088148990180343,3.6180257787927985,-0.031124719575640114,0.9698147867229393,1,1,0,0.476806640625,0.1943670382165605,93,64,64
math500,math500-test-409,safe_c095_s2,robust_delayed_one_update,3,A3_then_A2,4fb777e298b91e50de7d6bf8dbe45fb09e208502c6ab22d0279ca88c170314a1,9464f9459d545f48b173dafc4cbbc31fce9dd849958d84590fab9c3f576be6a2,3.507017363095656,3.6175176529213786,-0.03150833839276568,0.969454111789479,1,1,0,0.476806640625,0.1943670382165605,93,64,64
math500,math500-test-409,safe_c095_s2,robust_delayed_one_update,4,A2_then_A3,4fb777e298b91e50de7d6bf8dbe45fb09e208502c6ab22d0279ca88c170314a1,9464f9459d545f48b173dafc4cbbc31fce9dd849958d84590fab9c3f576be6a2,3.506244651041925,3.619450737023726,-0.03228698999887536,0.9687228548730323,1,1,0,0.476806640625,0.1943670382165605,93,64,64
math500,math500-test-409,aggressive_c090_age4_s8,robust_delayed_one_update,0,A2_then_A3,088a2538afaa5f1aac611fde5628e72d43ad32efb66d2550bd25b0a007234b50,f9567f16899ccae02342e85497f7ae6cc3517dfbb9fcf08eb0636da7c2d4f3d3,3.2880823300220072,3.3960702209733427,-0.0328422101737984,0.9682021030412071,1,1,0,0.484375,0.19745222929936307,93,64,60
math500,math500-test-409,aggressive_c090_age4_s8,robust_delayed_one_update,1,A3_then_A2,088a2538afaa5f1aac611fde5628e72d43ad32efb66d2550bd25b0a007234b50,f9567f16899ccae02342e85497f7ae6cc3517dfbb9fcf08eb0636da7c2d4f3d3,3.2893385339993984,3.3949226830154657,-0.03209890010551497,0.9688993951042547,1,1,0,0.484375,0.19745222929936307,93,64,60
math500,math500-test-409,aggressive_c090_age4_s8,robust_delayed_one_update,2,A2_then_A3,088a2538afaa5f1aac611fde5628e72d43ad32efb66d2550bd25b0a007234b50,f9567f16899ccae02342e85497f7ae6cc3517dfbb9fcf08eb0636da7c2d4f3d3,3.288485310971737,3.396268476964906,-0.032775930497107586,0.968264238612405,1,1,0,0.484375,0.19745222929936307,93,64,60
math500,math500-test-409,aggressive_c090_age4_s8,robust_delayed_one_update,3,A3_then_A2,088a2538afaa5f1aac611fde5628e72d43ad32efb66d2550bd25b0a007234b50,f9567f16899ccae02342e85497f7ae6cc3517dfbb9fcf08eb0636da7c2d4f3d3,3.2897864759434015,3.391106863040477,-0.030798469091529723,0.9701217357077826,1,1,0,0.484375,0.19745222929936307,93,64,60
math500,math500-test-409,aggressive_c090_age4_s8,robust_delayed_one_update,4,A2_then_A3,088a2538afaa5f1aac611fde5628e72d43ad32efb66d2550bd25b0a007234b50,f9567f16899ccae02342e85497f7ae6cc3517dfbb9fcf08eb0636da7c2d4f3d3,3.289677764987573,3.394654884003103,-0.03191106440053604,0.9690757609822955,1,1,0,0.484375,0.19745222929936307,93,64,60
